"TimeGenerated [UTC]",SubjectUserName,SubjectLogonId,ChangeType,ObjectClass,AttributeName,PreviousValue,AttributeValue,ObjectDN,OpCorrelationID
"9/27/2026, 4:10:29.339 PM",Administrator,0x6e79c,"GPO link changed",domainDNS,gPLink,"[LDAP://cn={25c2e61e-33e3-42d9-bf7a-4dd0ba45aca9},cn=policies,cn=system,DC=lab,DC=local;0][LDAP://cn={95EB311E-70D2-4185-AD6C-2E42B98371E8},cn=policies,cn=system,DC=lab,DC=local;0][LDAP://CN={31B2F340-016D-11D2-945F-00C04FB984F9},CN=Policies,CN=System,DC=lab,DC=local;0]","[LDAP://cn={95EB311E-70D2-4185-AD6C-2E42B98371E8},cn=policies,cn=system,DC=lab,DC=local;0][LDAP://CN={31B2F340-016D-11D2-945F-00C04FB984F9},CN=Policies,CN=System,DC=lab,DC=local;0]","DC=lab,DC=local","{865e9592-032f-4557-a2ec-ca8fa3aff665}"
"9/27/2026, 4:06:09.226 PM",Administrator,0x6e79c,"GPO link changed",domainDNS,gPLink,"[LDAP://cn={95EB311E-70D2-4185-AD6C-2E42B98371E8},cn=policies,cn=system,DC=lab,DC=local;0][LDAP://CN={31B2F340-016D-11D2-945F-00C04FB984F9},CN=Policies,CN=System,DC=lab,DC=local;0]","[LDAP://cn={25c2e61e-33e3-42d9-bf7a-4dd0ba45aca9},cn=policies,cn=system,DC=lab,DC=local;0][LDAP://cn={95EB311E-70D2-4185-AD6C-2E42B98371E8},cn=policies,cn=system,DC=lab,DC=local;0][LDAP://CN={31B2F340-016D-11D2-945F-00C04FB984F9},CN=Policies,CN=System,DC=lab,DC=local;0]","DC=lab,DC=local","{b3baed6d-e3b6-4f7f-affa-6a4afc96d27f}"
"9/27/2026, 4:06:09.225 PM",Administrator,0x6e79c,"GPO display name changed",groupPolicyContainer,displayName,"New Group Policy Object","Test-Link","cn={25C2E61E-33E3-42D9-BF7A-4DD0BA45ACA9},cn=policies,cn=system,DC=lab,DC=local","{63b9d161-c9de-425f-b4aa-8fd4419e41d3}"
"9/27/2026, 4:06:09.225 PM",Administrator,0x6e79c,"GPO enabled/disabled state changed",groupPolicyContainer,flags,,0,"CN={25C2E61E-33E3-42D9-BF7A-4DD0BA45ACA9},CN=Policies,CN=System,DC=lab,DC=local","{4fcfb2ad-196c-4841-b2f5-da358775ce58}"
"9/27/2026, 4:06:09.225 PM",Administrator,0x6e79c,"GPO settings edited",groupPolicyContainer,versionNumber,,0,"CN={25C2E61E-33E3-42D9-BF7A-4DD0BA45ACA9},CN=Policies,CN=System,DC=lab,DC=local","{4fcfb2ad-196c-4841-b2f5-da358775ce58}"
"9/27/2026, 4:06:09.224 PM",Administrator,0x6e79c,"SYSVOL path set (new GPO)",groupPolicyContainer,gPCFileSysPath,,"\\lab.local\SysVol\lab.local\Policies\{25C2E61E-33E3-42D9-BF7A-4DD0BA45ACA9}","CN={25C2E61E-33E3-42D9-BF7A-4DD0BA45ACA9},CN=Policies,CN=System,DC=lab,DC=local","{4fcfb2ad-196c-4841-b2f5-da358775ce58}"
"9/27/2026, 4:06:09.224 PM",Administrator,0x6e79c,"GPO display name changed",groupPolicyContainer,displayName,,"New Group Policy Object","CN={25C2E61E-33E3-42D9-BF7A-4DD0BA45ACA9},CN=Policies,CN=System,DC=lab,DC=local","{36749d96-0950-4707-b587-63917a794cde}"
"9/27/2026, 4:06:09.224 PM",Administrator,0x6e79c,"New GPO created",groupPolicyContainer,objectClass,,"1.2.840.113556.1.5.157","CN={25C2E61E-33E3-42D9-BF7A-4DD0BA45ACA9},CN=Policies,CN=System,DC=lab,DC=local","{82fdf108-fa28-4370-9188-a8a96c34b4a2}"
"9/26/2026, 2:33:45.517 PM",Administrator,0x6b71d1,"GPO settings edited",groupPolicyContainer,versionNumber,19,20,"CN={95EB311E-70D2-4185-AD6C-2E42B98371E8},CN=POLICIES,CN=SYSTEM,DC=LAB,DC=LOCAL","{cd5f6bba-d550-4a30-ae52-4f3b3818e245}"
"9/26/2026, 2:33:35.508 PM",Administrator,0x6b71d1,"GPO settings edited",groupPolicyContainer,versionNumber,18,19,"CN={95EB311E-70D2-4185-AD6C-2E42B98371E8},CN=POLICIES,CN=SYSTEM,DC=LAB,DC=LOCAL","{2f772000-609a-4f43-a8bd-ff407a327f17}"
"9/26/2026, 2:28:55.251 PM",Administrator,0x6b71d1,"GPO settings edited",groupPolicyContainer,versionNumber,17,18,"CN={95EB311E-70D2-4185-AD6C-2E42B98371E8},CN=POLICIES,CN=SYSTEM,DC=LAB,DC=LOCAL","{e45bdd0e-e4f7-46f2-8d43-23d8fe3b1afc}"
"9/26/2026, 2:28:55.250 PM",Administrator,0x6b71d1,"New client-side extension - high interest",groupPolicyContainer,gPCMachineExtensionNames,"[{35378EAC-683F-11D2-A89A-00C04FBBCFA2}{D02B1F72-3407-48AE-BA88-E8213C6761F1}][{F3CCC681-B74C-4060-9F26-CD84525DCA2A}{0F3F3735-573D-9804-99E4-AB2A69BA5FD4}]","[{35378EAC-683F-11D2-A89A-00C04FBBCFA2}{D02B1F72-3407-48AE-BA88-E8213C6761F1}][{827D319E-6EAC-11D2-A4EA-00C04F79F83A}{803E14A0-B4FB-11D0-A0D0-00A0C90F574B}][{F3CCC681-B74C-4060-9F26-CD84525DCA2A}{0F3F3735-573D-9804-99E4-AB2A69BA5FD4}]","CN={95EB311E-70D2-4185-AD6C-2E42B98371E8},CN=POLICIES,CN=SYSTEM,DC=LAB,DC=LOCAL","{bf3c6b59-315b-436e-b75f-f3b2b873ccae}"
"9/26/2026, 2:28:55.247 PM",Administrator,0x6b71d1,"GPO settings edited",groupPolicyContainer,versionNumber,16,17,"CN={95EB311E-70D2-4185-AD6C-2E42B98371E8},CN=POLICIES,CN=SYSTEM,DC=LAB,DC=LOCAL","{bf3c6b59-315b-436e-b75f-f3b2b873ccae}"